b'    Time,      Link,Lane,     VehNo,   VehType,      Line,DesSpeed,\r\n',datetime
12.9,334,1,1,107,0,125.0,\r\n',2026-04-06 15:45:47.900
12.1,988,1,2,100,0,100.5,\r\n',2026-04-06 15:45:47.100
14.9,334,2,3,101,0,108.0,\r\n',2026-04-06 15:45:49.900
15.5,334,1,4,101,0,103.0,\r\n',2026-04-06 15:45:50.500
21.2,334,2,5,100,0,97.5,\r\n',2026-04-06 15:45:56.200
45.4,334,1,6,101,0,114.2,\r\n',2026-04-06 15:46:20.400
51.8,988,1,7,101,0,118.2,\r\n',2026-04-06 15:46:26.800
58.0,988,1,8,100,0,117.5,\r\n',2026-04-06 15:46:33.000
59.8,334,1,9,100,0,102.1,\r\n',2026-04-06 15:46:34.800
66.3,55,1,10,105,0,97.8,\r\n',2026-04-06 15:46:41.300
70.3,988,1,11,101,0,100.7,\r\n',2026-04-06 15:46:45.300
71.2,988,1,12,101,0,96.7,\r\n',2026-04-06 15:46:46.200
76.9,334,1,13,100,0,101.4,\r\n',2026-04-06 15:46:51.900
76.9,334,2,14,100,0,111.3,\r\n',2026-04-06 15:46:51.900
113.7,334,1,15,100,0,102.8,\r\n',2026-04-06 15:47:28.700
116.8,988,1,16,100,0,109.5,\r\n',2026-04-06 15:47:31.800
134.6,988,1,17,100,0,97.7,\r\n',2026-04-06 15:47:49.600
136.0,988,1,18,101,0,100.0,\r\n',2026-04-06 15:47:51.000
139.3,162,1,19,1174,0,31.6,\r\n',2026-04-06 15:47:54.300
146.4,988,1,20,101,0,122.8,\r\n',2026-04-06 15:48:01.400
152.1,852,1,21,100,0,106.1,\r\n',2026-04-06 15:48:07.100
164.8,327,1,22,1177,0,6.7,\r\n',2026-04-06 15:48:19.800
173.1,988,1,23,105,0,105.7,\r\n',2026-04-06 15:48:28.100
183.3,55,1,24,101,0,107.3,\r\n',2026-04-06 15:48:38.300
200.2,988,1,25,105,0,128.4,\r\n',2026-04-06 15:48:55.200
209.2,852,1,26,101,0,100.6,\r\n',2026-04-06 15:49:04.200
212.9,334,1,27,105,0,104.8,\r\n',2026-04-06 15:49:07.900
215.8,55,1,28,100,0,108.1,\r\n',2026-04-06 15:49:10.800
237.2,55,1,29,100,0,95.1,\r\n',2026-04-06 15:49:32.200
245.0,907,1,30,101,0,125.7,\r\n',2026-04-06 15:49:40.000
246.5,334,1,31,101,0,103.9,\r\n',2026-04-06 15:49:41.500
247.0,334,2,32,101,0,110.8,\r\n',2026-04-06 15:49:42.000
256.9,988,1,33,101,0,124.9,\r\n',2026-04-06 15:49:51.900
259.5,907,1,34,105,0,100.0,\r\n',2026-04-06 15:49:54.500
273.5,988,1,35,101,0,104.4,\r\n',2026-04-06 15:50:08.500
281.8,334,1,36,100,0,96.4,\r\n',2026-04-06 15:50:16.800
281.9,988,1,37,100,0,108.9,\r\n',2026-04-06 15:50:16.900
291.2,334,2,38,100,0,106.5,\r\n',2026-04-06 15:50:26.200
302.7,988,1,39,105,0,105.2,\r\n',2026-04-06 15:50:37.700
306.7,988,1,40,100,0,94.9,\r\n',2026-04-06 15:50:41.700
314.0,334,1,41,107,0,103.0,\r\n',2026-04-06 15:50:49.000
324.1,55,1,42,100,0,101.8,\r\n',2026-04-06 15:50:59.100
340.3,334,1,43,101,0,103.7,\r\n',2026-04-06 15:51:15.300
367.6,334,1,44,101,0,108.6,\r\n',2026-04-06 15:51:42.600
372.9,334,2,45,100,0,102.2,\r\n',2026-04-06 15:51:47.900
372.4,55,1,46,100,0,104.0,\r\n',2026-04-06 15:51:47.400
378.4,55,2,47,101,0,105.4,\r\n',2026-04-06 15:51:53.400
397.1,334,1,48,101,0,112.9,\r\n',2026-04-06 15:52:12.100
418.2,55,1,49,109,0,107.9,\r\n',2026-04-06 15:52:33.200
453.4,852,1,50,101,0,100.4,\r\n',2026-04-06 15:53:08.400
460.1,334,1,51,108,0,104.7,\r\n',2026-04-06 15:53:15.100
483.7,55,1,52,101,0,108.1,\r\n',2026-04-06 15:53:38.700
489.1,988,1,53,101,0,104.1,\r\n',2026-04-06 15:53:44.100
492.7,988,1,54,105,0,107.7,\r\n',2026-04-06 15:53:47.700
496.4,334,1,55,101,0,109.2,\r\n',2026-04-06 15:53:51.400
503.7,334,2,56,100,0,101.6,\r\n',2026-04-06 15:53:58.700
510.4,988,1,57,101,0,106.1,\r\n',2026-04-06 15:54:05.400
511.1,334,1,58,102,0,104.2,\r\n',2026-04-06 15:54:06.100
535.5,334,1,59,100,0,104.5,\r\n',2026-04-06 15:54:30.500
542.8,988,1,60,100,0,109.0,\r\n',2026-04-06 15:54:37.800
559.6,988,1,61,101,0,103.0,\r\n',2026-04-06 15:54:54.600
572.4,988,1,62,100,0,108.7,\r\n',2026-04-06 15:55:07.400
584.4,334,1,63,100,0,102.8,\r\n',2026-04-06 15:55:19.400
596.2,55,1,64,100,0,113.0,\r\n',2026-04-06 15:55:31.200
606.3,907,1,65,100,0,113.7,\r\n',2026-04-06 15:55:41.300
607.2,55,2,66,101,0,101.7,\r\n',2026-04-06 15:55:42.200
620.1,334,1,67,101,0,109.5,\r\n',2026-04-06 15:55:55.100
621.7,988,1,68,101,0,100.6,\r\n',2026-04-06 15:55:56.700
626.1,334,2,69,101,0,115.9,\r\n',2026-04-06 15:56:01.100
627.4,55,2,70,100,0,100.5,\r\n',2026-04-06 15:56:02.400
645.3,334,1,71,101,0,111.3,\r\n',2026-04-06 15:56:20.300
664.6,327,1,72,1177,0,6.7,\r\n',2026-04-06 15:56:39.600
689.1,334,1,73,101,0,109.3,\r\n',2026-04-06 15:57:04.100
695.1,334,2,74,101,0,107.0,\r\n',2026-04-06 15:57:10.100
709.7,334,1,75,107,0,98.3,\r\n',2026-04-06 15:57:24.700
714.0,988,1,76,101,0,118.8,\r\n',2026-04-06 15:57:29.000
714.9,907,1,77,101,0,103.1,\r\n',2026-04-06 15:57:29.900
717.3,55,1,78,101,0,111.6,\r\n',2026-04-06 15:57:32.300
721.9,988,1,79,100,0,106.4,\r\n',2026-04-06 15:57:36.900
728.5,334,1,80,101,0,102.0,\r\n',2026-04-06 15:57:43.500
731.3,334,2,81,107,0,104.6,\r\n',2026-04-06 15:57:46.300
740.2,55,1,82,200,0,43.3,\r\n',2026-04-06 15:57:55.200
741.9,988,1,83,101,0,115.3,\r\n',2026-04-06 15:57:56.900
747.9,334,1,84,100,0,102.3,\r\n',2026-04-06 15:58:02.900
749.2,55,2,85,108,0,106.7,\r\n',2026-04-06 15:58:04.200
753.2,907,1,86,101,0,104.7,\r\n',2026-04-06 15:58:08.200
763.7,988,1,87,100,0,101.9,\r\n',2026-04-06 15:58:18.700
765.6,55,1,88,105,0,113.7,\r\n',2026-04-06 15:58:20.600
792.8,334,1,89,101,0,109.7,\r\n',2026-04-06 15:58:47.800
801.0,334,2,90,100,0,112.2,\r\n',2026-04-06 15:58:56.000
811.2,988,1,91,101,0,106.2,\r\n',2026-04-06 15:59:06.200
831.2,55,1,92,101,0,109.2,\r\n',2026-04-06 15:59:26.200
835.5,334,1,93,101,0,116.7,\r\n',2026-04-06 15:59:30.500
842.6,327,1,94,1177,0,5.4,\r\n',2026-04-06 15:59:37.600
844.2,55,2,95,101,0,105.7,\r\n',2026-04-06 15:59:39.200
847.1,988,1,96,105,0,100.8,\r\n',2026-04-06 15:59:42.100
849.1,55,1,97,108,0,108.7,\r\n',2026-04-06 15:59:44.100
863.4,334,1,98,100,0,101.2,\r\n',2026-04-06 15:59:58.400
880.1,334,1,99,100,0,105.4,\r\n',2026-04-06 16:00:15.100
888.0,334,2,100,100,0,103.0,\r\n',2026-04-06 16:00:23.000
896.5,988,1,101,105,0,103.1,\r\n',2026-04-06 16:00:31.500
899.5,334,1,102,101,0,108.0,\r\n',2026-04-06 16:00:34.500
902.9,334,2,103,100,0,99.0,\r\n',2026-04-06 16:00:37.900
902.9,55,1,104,100,0,118.3,\r\n',2026-04-06 16:00:37.900
902.2,988,1,105,105,0,113.6,\r\n',2026-04-06 16:00:37.200
919.2,55,1,106,108,0,124.1,\r\n',2026-04-06 16:00:54.200
925.6,334,1,107,101,0,116.4,\r\n',2026-04-06 16:01:00.600
935.1,988,1,108,100,0,108.1,\r\n',2026-04-06 16:01:10.100
952.1,334,1,109,101,0,102.8,\r\n',2026-04-06 16:01:27.100
968.3,988,1,110,101,0,98.0,\r\n',2026-04-06 16:01:43.300
979.5,55,1,111,101,0,107.2,\r\n',2026-04-06 16:01:54.500
986.1,334,1,112,101,0,96.6,\r\n',2026-04-06 16:02:01.100
986.2,988,1,113,101,0,106.5,\r\n',2026-04-06 16:02:01.200
990.9,988,1,114,100,0,97.0,\r\n',2026-04-06 16:02:05.900
1003.4,334,1,115,105,0,107.8,\r\n',2026-04-06 16:02:18.400
1003.9,988,1,116,100,0,101.1,\r\n',2026-04-06 16:02:18.900
1007.4,334,2,117,103,0,105.2,\r\n',2026-04-06 16:02:22.400
1010.2,334,1,118,101,0,107.5,\r\n',2026-04-06 16:02:25.200
1029.7,334,1,119,101,0,91.2,\r\n',2026-04-06 16:02:44.700
1038.1,334,2,120,101,0,101.7,\r\n',2026-04-06 16:02:53.100
1053.9,334,1,121,101,0,100.0,\r\n',2026-04-06 16:03:08.900
1062.6,988,1,122,101,0,100.5,\r\n',2026-04-06 16:03:17.600
1079.8,334,1,123,105,0,112.5,\r\n',2026-04-06 16:03:34.800
1085.2,334,2,124,100,0,104.4,\r\n',2026-04-06 16:03:40.200
1085.3,988,1,125,101,0,129.4,\r\n',2026-04-06 16:03:40.300
1099.0,988,1,126,105,0,104.6,\r\n',2026-04-06 16:03:54.000
1112.7,334,1,127,101,0,100.0,\r\n',2026-04-06 16:04:07.700
1113.2,852,1,128,103,0,107.4,\r\n',2026-04-06 16:04:08.200
1127.6,988,1,129,101,0,106.8,\r\n',2026-04-06 16:04:22.600
1142.7,334,1,130,108,0,106.3,\r\n',2026-04-06 16:04:37.700
1149.6,334,2,131,101,0,101.5,\r\n',2026-04-06 16:04:44.600
1156.8,55,1,132,101,0,120.3,\r\n',2026-04-06 16:04:51.800
1175.3,327,1,133,1177,0,5.3,\r\n',2026-04-06 16:05:10.300
1176.4,334,1,134,101,0,103.0,\r\n',2026-04-06 16:05:11.400
1179.9,988,1,135,101,0,122.7,\r\n',2026-04-06 16:05:14.900
1196.9,334,1,136,100,0,100.6,\r\n',2026-04-06 16:05:31.900
1213.6,55,1,137,100,0,129.7,\r\n',2026-04-06 16:05:48.600
1214.7,334,1,138,100,0,102.7,\r\n',2026-04-06 16:05:49.700
1219.1,55,2,139,107,0,114.2,\r\n',2026-04-06 16:05:54.100
1225.0,988,1,140,101,0,118.8,\r\n',2026-04-06 16:06:00.000
1227.4,334,1,141,108,0,111.1,\r\n',2026-04-06 16:06:02.400
1228.1,55,2,142,200,0,37.9,\r\n',2026-04-06 16:06:03.100
1230.0,334,2,143,101,0,102.1,\r\n',2026-04-06 16:06:05.000
1258.2,55,1,144,102,0,103.9,\r\n',2026-04-06 16:06:33.200
1265.7,334,1,145,100,0,101.8,\r\n',2026-04-06 16:06:40.700
1270.3,334,2,146,101,0,118.4,\r\n',2026-04-06 16:06:45.300
1270.1,55,2,147,101,0,128.9,\r\n',2026-04-06 16:06:45.100
1280.4,55,2,148,101,0,108.0,\r\n',2026-04-06 16:06:55.400
1281.5,334,1,149,101,0,108.4,\r\n',2026-04-06 16:06:56.500
1293.3,334,1,150,105,0,109.7,\r\n',2026-04-06 16:07:08.300
1301.6,55,1,151,100,0,105.4,\r\n',2026-04-06 16:07:16.600
1326.1,55,1,152,100,0,106.6,\r\n',2026-04-06 16:07:41.100
1337.5,334,1,153,100,0,109.4,\r\n',2026-04-06 16:07:52.500
1362.8,55,1,154,107,0,115.9,\r\n',2026-04-06 16:08:17.800
1374.4,988,1,155,101,0,110.9,\r\n',2026-04-06 16:08:29.400
1379.9,204,1,156,1173,0,33.0,\r\n',2026-04-06 16:08:34.900
1381.1,334,1,157,100,0,102.5,\r\n',2026-04-06 16:08:36.100
1390.3,334,2,158,100,0,108.0,\r\n',2026-04-06 16:08:45.300
1426.0,55,1,159,107,0,109.1,\r\n',2026-04-06 16:09:21.000
1449.2,55,1,160,200,0,42.3,\r\n',2026-04-06 16:09:44.200
1452.7,334,1,161,101,0,109.3,\r\n',2026-04-06 16:09:47.700
1467.0,334,1,162,105,0,119.7,\r\n',2026-04-06 16:10:02.000
1491.0,334,1,163,101,0,109.7,\r\n',2026-04-06 16:10:26.000
1503.6,852,1,164,100,0,109.8,\r\n',2026-04-06 16:10:38.600
1509.8,55,1,165,101,0,103.2,\r\n',2026-04-06 16:10:44.800
1510.6,852,1,166,100,0,127.5,\r\n',2026-04-06 16:10:45.600
1517.6,334,1,167,101,0,101.4,\r\n',2026-04-06 16:10:52.600
1517.9,334,2,168,101,0,117.4,\r\n',2026-04-06 16:10:52.900
1523.0,988,1,169,101,0,103.2,\r\n',2026-04-06 16:10:58.000
1525.2,55,2,170,105,0,102.4,\r\n',2026-04-06 16:11:00.200
1527.9,988,1,171,105,0,107.8,\r\n',2026-04-06 16:11:02.900
1536.8,852,1,172,101,0,102.2,\r\n',2026-04-06 16:11:11.800
1543.0,334,1,173,100,0,105.7,\r\n',2026-04-06 16:11:18.000
1554.6,334,1,174,100,0,95.9,\r\n',2026-04-06 16:11:29.600
1555.7,334,2,175,101,0,102.6,\r\n',2026-04-06 16:11:30.700
1562.3,334,1,176,101,0,102.9,\r\n',2026-04-06 16:11:37.300
1574.5,334,1,177,109,0,109.9,\r\n',2026-04-06 16:11:49.500
1582.9,988,1,178,102,0,112.9,\r\n',2026-04-06 16:11:57.900
1584.1,334,1,179,100,0,100.2,\r\n',2026-04-06 16:11:59.100
1585.4,988,1,180,100,0,106.7,\r\n',2026-04-06 16:12:00.400
1595.6,907,1,181,101,0,94.6,\r\n',2026-04-06 16:12:10.600
1605.1,334,1,182,101,0,104.5,\r\n',2026-04-06 16:12:20.100
1605.7,55,1,183,100,0,105.7,\r\n',2026-04-06 16:12:20.700
1608.5,988,1,184,105,0,102.5,\r\n',2026-04-06 16:12:23.500
1613.1,334,2,185,101,0,106.2,\r\n',2026-04-06 16:12:28.100
1614.1,334,1,186,100,0,107.0,\r\n',2026-04-06 16:12:29.100
1620.3,334,2,187,101,0,118.1,\r\n',2026-04-06 16:12:35.300
1621.0,988,1,188,101,0,112.1,\r\n',2026-04-06 16:12:36.000
1624.7,988,1,189,101,0,97.6,\r\n',2026-04-06 16:12:39.700
1633.8,334,1,190,105,0,112.8,\r\n',2026-04-06 16:12:48.800
1635.7,988,1,191,101,0,105.6,\r\n',2026-04-06 16:12:50.700
1636.1,988,1,192,101,0,95.6,\r\n',2026-04-06 16:12:51.100
1639.0,988,1,193,100,0,104.5,\r\n',2026-04-06 16:12:54.000
1652.0,334,1,194,105,0,109.4,\r\n',2026-04-06 16:13:07.000
1652.0,988,1,195,100,0,94.3,\r\n',2026-04-06 16:13:07.000
1657.4,55,1,196,105,0,100.1,\r\n',2026-04-06 16:13:12.400
1660.6,334,2,197,101,0,107.6,\r\n',2026-04-06 16:13:15.600
1663.4,334,1,198,100,0,102.9,\r\n',2026-04-06 16:13:18.400
1681.0,55,1,199,100,0,102.3,\r\n',2026-04-06 16:13:36.000
1709.4,421,1,200,1177,0,7.4,\r\n',2026-04-06 16:14:04.400
1719.9,334,1,201,100,0,107.4,\r\n',2026-04-06 16:14:14.900
1755.1,334,1,202,100,0,120.1,\r\n',2026-04-06 16:14:50.100
1767.4,988,1,203,100,0,127.6,\r\n',2026-04-06 16:15:02.400
1772.3,334,1,204,100,0,102.1,\r\n',2026-04-06 16:15:07.300
1793.3,334,1,205,100,0,117.8,\r\n',2026-04-06 16:15:28.300
1813.8,988,1,206,101,0,109.7,\r\n',2026-04-06 16:15:48.800
1815.2,55,1,207,101,0,121.1,\r\n',2026-04-06 16:15:50.200
1826.8,334,1,208,109,0,102.8,\r\n',2026-04-06 16:16:01.800
1836.9,334,1,209,101,0,96.4,\r\n',2026-04-06 16:16:11.900
1843.4,334,2,210,101,0,100.3,\r\n',2026-04-06 16:16:18.400
1844.9,334,1,211,100,0,124.6,\r\n',2026-04-06 16:16:19.900
1858.5,988,1,212,101,0,106.4,\r\n',2026-04-06 16:16:33.500
1862.8,852,1,213,100,0,99.7,\r\n',2026-04-06 16:16:37.800
1864.7,988,1,214,105,0,109.8,\r\n',2026-04-06 16:16:39.700
1867.0,334,1,215,101,0,112.8,\r\n',2026-04-06 16:16:42.000
1868.8,988,1,216,101,0,127.2,\r\n',2026-04-06 16:16:43.800
1876.3,988,1,217,100,0,100.0,\r\n',2026-04-06 16:16:51.300
1889.5,55,1,218,100,0,101.0,\r\n',2026-04-06 16:17:04.500
1893.3,988,1,219,105,0,115.6,\r\n',2026-04-06 16:17:08.300
1898.7,55,2,220,101,0,114.0,\r\n',2026-04-06 16:17:13.700
1912.4,988,1,221,105,0,108.0,\r\n',2026-04-06 16:17:27.400
1942.9,988,1,222,105,0,112.7,\r\n',2026-04-06 16:17:57.900
1943.2,334,1,223,101,0,107.6,\r\n',2026-04-06 16:17:58.200
1947.0,334,2,224,105,0,105.0,\r\n',2026-04-06 16:18:02.000
1953.2,988,1,225,105,0,108.0,\r\n',2026-04-06 16:18:08.200
1957.8,204,1,226,1173,0,31.6,\r\n',2026-04-06 16:18:12.800
1958.4,988,1,227,103,0,112.1,\r\n',2026-04-06 16:18:13.400
1959.8,852,1,228,101,0,106.2,\r\n',2026-04-06 16:18:14.800
1980.0,988,1,229,100,0,105.6,\r\n',2026-04-06 16:18:35.000
1988.7,334,1,230,100,0,104.3,\r\n',2026-04-06 16:18:43.700
2004.6,988,1,231,101,0,104.3,\r\n',2026-04-06 16:18:59.600
2005.4,334,1,232,100,0,103.2,\r\n',2026-04-06 16:19:00.400
2013.3,334,2,233,105,0,109.5,\r\n',2026-04-06 16:19:08.300
2015.3,421,1,234,1177,0,7.8,\r\n',2026-04-06 16:19:10.300
2023.2,988,1,235,101,0,96.6,\r\n',2026-04-06 16:19:18.200
2045.4,334,1,236,100,0,105.6,\r\n',2026-04-06 16:19:40.400
2053.0,988,1,237,101,0,106.5,\r\n',2026-04-06 16:19:48.000
2056.5,334,1,238,105,0,110.1,\r\n',2026-04-06 16:19:51.500
2072.8,327,1,239,1177,0,7.2,\r\n',2026-04-06 16:20:07.800
2075.1,988,1,240,101,0,106.6,\r\n',2026-04-06 16:20:10.100
2078.8,334,1,241,105,0,108.0,\r\n',2026-04-06 16:20:13.800
2087.9,334,2,242,105,0,103.6,\r\n',2026-04-06 16:20:22.900
2116.8,334,1,243,101,0,105.3,\r\n',2026-04-06 16:20:51.800
2134.5,334,1,244,105,0,125.7,\r\n',2026-04-06 16:21:09.500
2137.4,334,2,245,100,0,102.7,\r\n',2026-04-06 16:21:12.400
2156.5,55,1,246,100,0,104.8,\r\n',2026-04-06 16:21:31.500
2158.7,334,1,247,101,0,93.5,\r\n',2026-04-06 16:21:33.700
2173.1,852,1,248,101,0,100.0,\r\n',2026-04-06 16:21:48.100
2203.7,907,1,249,100,0,97.5,\r\n',2026-04-06 16:22:18.700
2205.1,852,1,250,100,0,105.9,\r\n',2026-04-06 16:22:20.100
2213.7,334,1,251,101,0,108.1,\r\n',2026-04-06 16:22:28.700
2215.5,55,1,252,100,0,101.8,\r\n',2026-04-06 16:22:30.500
2218.3,988,1,253,105,0,111.3,\r\n',2026-04-06 16:22:33.300
2219.7,334,2,254,100,0,116.6,\r\n',2026-04-06 16:22:34.700
2239.0,334,1,255,100,0,108.4,\r\n',2026-04-06 16:22:54.000
2242.1,988,1,256,105,0,109.0,\r\n',2026-04-06 16:22:57.100
2255.0,334,1,257,100,0,115.2,\r\n',2026-04-06 16:23:10.000
2265.8,334,1,258,101,0,100.1,\r\n',2026-04-06 16:23:20.800
2265.9,988,1,259,101,0,102.8,\r\n',2026-04-06 16:23:20.900
2273.4,988,1,260,101,0,112.2,\r\n',2026-04-06 16:23:28.400
2274.6,334,2,261,100,0,104.2,\r\n',2026-04-06 16:23:29.600
2281.0,55,1,262,101,0,105.9,\r\n',2026-04-06 16:23:36.000
2300.9,334,1,263,109,0,109.3,\r\n',2026-04-06 16:23:55.900
2301.8,334,2,264,100,0,116.9,\r\n',2026-04-06 16:23:56.800
2301.0,327,1,266,1177,0,6.3,\r\n',2026-04-06 16:23:56.000
2302.8,334,1,265,101,0,119.3,\r\n',2026-04-06 16:23:57.800
2308.6,334,2,267,104,0,103.7,\r\n',2026-04-06 16:24:03.600
2324.4,334,1,268,101,0,106.3,\r\n',2026-04-06 16:24:19.400
2324.6,55,1,269,100,0,125.7,\r\n',2026-04-06 16:24:19.600
2324.8,55,2,270,200,0,46.6,\r\n',2026-04-06 16:24:19.800
2329.2,334,2,271,101,0,123.6,\r\n',2026-04-06 16:24:24.200
2329.3,988,1,272,101,0,114.2,\r\n',2026-04-06 16:24:24.300
2345.5,334,1,273,105,0,112.4,\r\n',2026-04-06 16:24:40.500
2347.9,334,2,274,100,0,105.9,\r\n',2026-04-06 16:24:42.900
2351.0,988,1,275,100,0,105.2,\r\n',2026-04-06 16:24:46.000
2354.1,334,1,276,100,0,102.1,\r\n',2026-04-06 16:24:49.100
2362.9,334,2,277,101,0,101.0,\r\n',2026-04-06 16:24:57.900
2365.5,55,1,278,107,0,102.0,\r\n',2026-04-06 16:25:00.500
2366.2,334,1,279,102,0,111.8,\r\n',2026-04-06 16:25:01.200
2376.9,988,1,280,101,0,108.3,\r\n',2026-04-06 16:25:11.900
2385.8,988,1,281,101,0,105.4,\r\n',2026-04-06 16:25:20.800
2392.3,162,1,282,1180,0,34.0,\r\n',2026-04-06 16:25:27.300
2396.8,421,1,283,1177,0,6.4,\r\n',2026-04-06 16:25:31.800
2403.0,988,1,284,101,0,113.2,\r\n',2026-04-06 16:25:38.000
2409.6,334,1,285,100,0,109.9,\r\n',2026-04-06 16:25:44.600
2412.7,55,1,286,101,0,111.0,\r\n',2026-04-06 16:25:47.700
2413.5,334,2,287,101,0,103.1,\r\n',2026-04-06 16:25:48.500
2417.9,334,1,288,101,0,116.7,\r\n',2026-04-06 16:25:52.900
2418.2,334,2,289,101,0,88.0,\r\n',2026-04-06 16:25:53.200
2425.2,334,1,290,101,0,114.0,\r\n',2026-04-06 16:26:00.200
2427.8,334,2,291,108,0,100.0,\r\n',2026-04-06 16:26:02.800
2439.4,55,1,292,200,0,52.5,\r\n',2026-04-06 16:26:14.400
2442.0,334,1,293,102,0,91.3,\r\n',2026-04-06 16:26:17.000
2450.3,55,2,294,100,0,114.2,\r\n',2026-04-06 16:26:25.300
2468.4,988,1,295,101,0,102.8,\r\n',2026-04-06 16:26:43.400
2476.5,55,1,296,101,0,103.0,\r\n',2026-04-06 16:26:51.500
2506.2,334,1,297,109,0,107.3,\r\n',2026-04-06 16:27:21.200
2507.3,334,2,298,100,0,89.7,\r\n',2026-04-06 16:27:22.300
2511.4,852,1,299,101,0,88.7,\r\n',2026-04-06 16:27:26.400
2519.7,988,1,300,101,0,116.4,\r\n',2026-04-06 16:27:34.700
2523.4,988,1,301,105,0,97.7,\r\n',2026-04-06 16:27:38.400
2531.1,988,1,302,100,0,106.2,\r\n',2026-04-06 16:27:46.100
2535.7,421,1,303,1177,0,5.7,\r\n',2026-04-06 16:27:50.700
2546.8,55,1,304,200,0,43.0,\r\n',2026-04-06 16:28:01.800
2546.8,361,1,305,400,0,23.4,\r\n',2026-04-06 16:28:01.800
2554.2,334,1,306,101,0,108.9,\r\n',2026-04-06 16:28:09.200
2562.6,988,1,307,100,0,103.7,\r\n',2026-04-06 16:28:17.600
2582.1,988,1,308,100,0,106.8,\r\n',2026-04-06 16:28:37.100
2583.4,334,1,309,100,0,102.4,\r\n',2026-04-06 16:28:38.400
2607.4,988,1,310,100,0,98.8,\r\n',2026-04-06 16:29:02.400
2618.3,988,1,311,100,0,104.3,\r\n',2026-04-06 16:29:13.300
2619.9,334,1,312,105,0,103.9,\r\n',2026-04-06 16:29:14.900
2627.7,988,1,313,101,0,118.1,\r\n',2026-04-06 16:29:22.700
2630.9,334,1,314,108,0,106.2,\r\n',2026-04-06 16:29:25.900
2637.0,55,1,315,100,0,115.9,\r\n',2026-04-06 16:29:32.000
2637.6,988,1,316,101,0,89.7,\r\n',2026-04-06 16:29:32.600
2642.7,334,1,317,100,0,99.0,\r\n',2026-04-06 16:29:37.700
2661.8,334,1,318,107,0,102.4,\r\n',2026-04-06 16:29:56.800
2668.4,334,2,319,100,0,102.0,\r\n',2026-04-06 16:30:03.400
2671.0,55,1,320,105,0,107.3,\r\n',2026-04-06 16:30:06.000
2676.8,334,1,321,105,0,109.2,\r\n',2026-04-06 16:30:11.800
2692.7,852,1,322,101,0,127.7,\r\n',2026-04-06 16:30:27.700
2693.6,55,2,323,100,0,118.1,\r\n',2026-04-06 16:30:28.600
2697.8,988,1,324,101,0,111.1,\r\n',2026-04-06 16:30:32.800
2700.6,334,1,325,101,0,92.4,\r\n',2026-04-06 16:30:35.600
2700.4,988,1,326,101,0,101.9,\r\n',2026-04-06 16:30:35.400
2714.4,55,1,327,108,0,106.3,\r\n',2026-04-06 16:30:49.400
2723.3,421,1,328,1177,0,7.3,\r\n',2026-04-06 16:30:58.300
2731.7,55,2,329,100,0,115.7,\r\n',2026-04-06 16:31:06.700
2737.8,907,1,330,105,0,101.9,\r\n',2026-04-06 16:31:12.800
2738.2,55,1,331,101,0,107.9,\r\n',2026-04-06 16:31:13.200
2744.8,988,1,332,101,0,103.9,\r\n',2026-04-06 16:31:19.800
2752.4,334,1,333,100,0,113.9,\r\n',2026-04-06 16:31:27.400
2760.8,988,1,334,101,0,105.0,\r\n',2026-04-06 16:31:35.800
2770.2,852,1,335,101,0,92.8,\r\n',2026-04-06 16:31:45.200
2776.3,334,1,336,101,0,107.8,\r\n',2026-04-06 16:31:51.300
2793.1,334,1,337,101,0,105.3,\r\n',2026-04-06 16:32:08.100
2798.4,334,2,338,101,0,128.0,\r\n',2026-04-06 16:32:13.400
2814.4,334,1,339,105,0,128.0,\r\n',2026-04-06 16:32:29.400
2815.4,334,2,340,101,0,105.1,\r\n',2026-04-06 16:32:30.400
2816.3,852,1,341,102,0,121.6,\r\n',2026-04-06 16:32:31.300
2819.3,907,1,342,100,0,106.2,\r\n',2026-04-06 16:32:34.300
2820.4,334,1,343,105,0,99.9,\r\n',2026-04-06 16:32:35.400
2821.9,988,1,344,101,0,99.0,\r\n',2026-04-06 16:32:36.900
2822.2,162,1,345,1174,0,33.3,\r\n',2026-04-06 16:32:37.200
2845.4,988,1,346,100,0,128.0,\r\n',2026-04-06 16:33:00.400
2888.8,334,1,347,101,0,88.7,\r\n',2026-04-06 16:33:43.800
2890.9,334,2,348,101,0,117.5,\r\n',2026-04-06 16:33:45.900
2890.1,988,1,349,100,0,105.0,\r\n',2026-04-06 16:33:45.100
2901.4,334,1,350,101,0,100.2,\r\n',2026-04-06 16:33:56.400
2912.1,55,1,351,100,0,101.4,\r\n',2026-04-06 16:34:07.100
2922.6,334,1,352,100,0,126.8,\r\n',2026-04-06 16:34:17.600
2927.3,852,1,353,100,0,116.7,\r\n',2026-04-06 16:34:22.300
2928.5,334,2,354,100,0,129.7,\r\n',2026-04-06 16:34:23.500
2932.4,907,1,355,100,0,104.0,\r\n',2026-04-06 16:34:27.400
2938.1,334,1,356,109,0,115.6,\r\n',2026-04-06 16:34:33.100
2943.0,988,1,357,103,0,121.5,\r\n',2026-04-06 16:34:38.000
2949.8,334,1,358,100,0,101.0,\r\n',2026-04-06 16:34:44.800
2949.4,55,2,359,101,0,106.0,\r\n',2026-04-06 16:34:44.400
2956.9,334,2,360,100,0,128.4,\r\n',2026-04-06 16:34:51.900
2969.5,988,1,361,101,0,109.8,\r\n',2026-04-06 16:35:04.500
2975.4,334,1,362,102,0,104.9,\r\n',2026-04-06 16:35:10.400
2980.3,988,1,363,101,0,126.0,\r\n',2026-04-06 16:35:15.300
2993.6,334,1,364,100,0,101.6,\r\n',2026-04-06 16:35:28.600
3028.4,907,1,365,101,0,99.9,\r\n',2026-04-06 16:36:03.400
3030.6,334,1,366,101,0,110.7,\r\n',2026-04-06 16:36:05.600
3031.1,988,1,367,100,0,101.2,\r\n',2026-04-06 16:36:06.100
3038.4,55,1,368,109,0,108.6,\r\n',2026-04-06 16:36:13.400
3043.0,907,1,369,105,0,105.7,\r\n',2026-04-06 16:36:18.000
3050.4,334,1,370,105,0,90.8,\r\n',2026-04-06 16:36:25.400
3053.9,334,2,371,100,0,102.5,\r\n',2026-04-06 16:36:28.900
3057.5,334,1,372,100,0,102.3,\r\n',2026-04-06 16:36:32.500
3059.3,334,2,373,101,0,119.5,\r\n',2026-04-06 16:36:34.300
3061.7,852,1,374,101,0,106.6,\r\n',2026-04-06 16:36:36.700
3062.2,334,1,375,101,0,104.4,\r\n',2026-04-06 16:36:37.200
3063.6,334,2,376,101,0,109.2,\r\n',2026-04-06 16:36:38.600
3071.0,334,1,377,101,0,112.9,\r\n',2026-04-06 16:36:46.000
3075.4,361,1,378,400,0,24.0,\r\n',2026-04-06 16:36:50.400
3082.5,55,1,379,100,0,119.5,\r\n',2026-04-06 16:36:57.500
3092.4,988,1,380,101,0,102.3,\r\n',2026-04-06 16:37:07.400
3121.1,334,1,381,101,0,92.0,\r\n',2026-04-06 16:37:36.100
3122.5,55,1,382,201,0,52.2,\r\n',2026-04-06 16:37:37.500
3125.3,334,2,383,101,0,108.4,\r\n',2026-04-06 16:37:40.300
3130.3,988,1,384,105,0,113.4,\r\n',2026-04-06 16:37:45.300
3147.9,334,1,385,100,0,108.1,\r\n',2026-04-06 16:38:02.900
3162.0,334,1,386,100,0,99.0,\r\n',2026-04-06 16:38:17.000
3197.0,988,1,387,101,0,101.4,\r\n',2026-04-06 16:38:52.000
3201.3,162,1,388,1174,0,31.0,\r\n',2026-04-06 16:38:56.300
3214.5,55,1,389,105,0,102.7,\r\n',2026-04-06 16:39:09.500
3235.0,988,1,390,101,0,95.2,\r\n',2026-04-06 16:39:30.000
3239.9,55,1,391,200,0,38.3,\r\n',2026-04-06 16:39:34.900
3241.7,988,1,392,100,0,110.5,\r\n',2026-04-06 16:39:36.700
3243.3,988,1,393,101,0,113.7,\r\n',2026-04-06 16:39:38.300
3245.1,334,1,394,101,0,101.2,\r\n',2026-04-06 16:39:40.100
3249.3,55,2,395,100,0,123.8,\r\n',2026-04-06 16:39:44.300
3251.5,334,2,396,101,0,90.0,\r\n',2026-04-06 16:39:46.500
3254.7,988,1,397,100,0,111.2,\r\n',2026-04-06 16:39:49.700
3255.1,55,1,398,100,0,88.3,\r\n',2026-04-06 16:39:50.100
3258.7,907,1,399,101,0,104.8,\r\n',2026-04-06 16:39:53.700
3278.6,852,1,400,105,0,104.8,\r\n',2026-04-06 16:40:13.600
3279.2,55,2,401,202,0,45.7,\r\n',2026-04-06 16:40:14.200
3280.4,334,1,402,101,0,102.8,\r\n',2026-04-06 16:40:15.400
3281.6,988,1,403,105,0,106.7,\r\n',2026-04-06 16:40:16.600
3285.0,55,1,404,101,0,103.6,\r\n',2026-04-06 16:40:20.000
3288.3,55,2,405,101,0,114.9,\r\n',2026-04-06 16:40:23.300
3294.8,55,1,406,108,0,103.1,\r\n',2026-04-06 16:40:29.800
3312.6,55,1,407,102,0,101.0,\r\n',2026-04-06 16:40:47.600
3314.6,334,1,408,101,0,111.5,\r\n',2026-04-06 16:40:49.600
3315.1,334,2,409,100,0,100.5,\r\n',2026-04-06 16:40:50.100
3322.8,55,2,410,101,0,101.8,\r\n',2026-04-06 16:40:57.800
3323.7,988,1,411,101,0,122.4,\r\n',2026-04-06 16:40:58.700
3331.5,907,1,412,101,0,100.4,\r\n',2026-04-06 16:41:06.500
3333.8,334,1,413,101,0,105.1,\r\n',2026-04-06 16:41:08.800
3353.9,988,1,414,100,0,126.3,\r\n',2026-04-06 16:41:28.900
3357.0,988,1,415,100,0,100.5,\r\n',2026-04-06 16:41:32.000
3383.5,334,1,416,101,0,95.4,\r\n',2026-04-06 16:41:58.500
3386.1,334,2,417,100,0,109.2,\r\n',2026-04-06 16:42:01.100
3392.8,334,1,418,100,0,109.0,\r\n',2026-04-06 16:42:07.800
3398.0,55,1,419,201,0,36.4,\r\n',2026-04-06 16:42:13.000
3399.2,907,1,420,101,0,97.6,\r\n',2026-04-06 16:42:14.200
3401.6,334,1,421,100,0,107.2,\r\n',2026-04-06 16:42:16.600
3403.5,334,2,422,108,0,102.4,\r\n',2026-04-06 16:42:18.500
3403.0,162,1,423,1178,0,30.6,\r\n',2026-04-06 16:42:18.000
3404.7,334,1,424,100,0,101.8,\r\n',2026-04-06 16:42:19.700
3405.4,334,2,425,101,0,103.2,\r\n',2026-04-06 16:42:20.400
3411.6,55,2,426,101,0,127.5,\r\n',2026-04-06 16:42:26.600
3421.0,852,1,427,100,0,106.3,\r\n',2026-04-06 16:42:36.000
3423.5,988,1,428,101,0,120.1,\r\n',2026-04-06 16:42:38.500
3446.3,988,1,429,101,0,89.8,\r\n',2026-04-06 16:43:01.300
3458.3,334,1,430,105,0,104.4,\r\n',2026-04-06 16:43:13.300
3469.4,334,1,431,100,0,101.6,\r\n',2026-04-06 16:43:24.400
3469.8,55,1,432,108,0,99.8,\r\n',2026-04-06 16:43:24.800
3491.5,55,1,433,107,0,106.6,\r\n',2026-04-06 16:43:46.500
3493.1,334,1,434,100,0,104.8,\r\n',2026-04-06 16:43:48.100
3493.4,660,1,435,101,0,109.9,\r\n',2026-04-06 16:43:48.400
3497.3,334,2,436,101,0,108.8,\r\n',2026-04-06 16:43:52.300
3517.6,334,1,437,105,0,105.2,\r\n',2026-04-06 16:44:12.600
3517.9,334,2,438,101,0,108.0,\r\n',2026-04-06 16:44:12.900
3521.1,988,1,439,101,0,103.4,\r\n',2026-04-06 16:44:16.100
3528.2,334,1,440,105,0,108.7,\r\n',2026-04-06 16:44:23.200
3534.3,334,2,441,104,0,107.1,\r\n',2026-04-06 16:44:29.300
3535.5,334,1,442,101,0,107.9,\r\n',2026-04-06 16:44:30.500
3541.1,988,1,443,100,0,106.0,\r\n',2026-04-06 16:44:36.100
3542.6,988,1,444,101,0,101.1,\r\n',2026-04-06 16:44:37.600
3543.0,660,1,445,105,0,101.8,\r\n',2026-04-06 16:44:38.000
3554.2,55,1,446,101,0,109.1,\r\n',2026-04-06 16:44:49.200
3558.0,55,2,447,105,0,123.0,\r\n',2026-04-06 16:44:53.000
3563.6,55,1,448,100,0,111.7,\r\n',2026-04-06 16:44:58.600
3568.5,334,1,449,105,0,115.2,\r\n',2026-04-06 16:45:03.500
3571.2,334,2,450,100,0,96.7,\r\n',2026-04-06 16:45:06.200
3573.3,334,1,451,101,0,114.1,\r\n',2026-04-06 16:45:08.300
3587.6,334,1,452,105,0,118.5,\r\n',2026-04-06 16:45:22.600
3587.8,334,2,453,101,0,102.5,\r\n',2026-04-06 16:45:22.800
3594.0,55,1,454,105,0,111.8,\r\n',2026-04-06 16:45:29.000
3601.6,162,1,455,201,0,32.4,\r\n',2026-04-06 16:45:36.600
3609.8,988,1,456,100,0,102.1,\r\n',2026-04-06 16:45:44.800
3616.8,988,1,457,100,0,109.2,\r\n',2026-04-06 16:45:51.800
3617.3,988,1,458,100,0,106.3,\r\n',2026-04-06 16:45:52.300
3629.9,162,1,459,201,0,34.6,\r\n',2026-04-06 16:46:04.900
3640.5,334,1,460,201,0,44.7,\r\n',2026-04-06 16:46:15.500
3646.5,334,2,461,101,0,106.6,\r\n',2026-04-06 16:46:21.500
3668.1,55,1,462,105,0,101.1,\r\n',2026-04-06 16:46:43.100
3670.7,334,1,463,107,0,106.1,\r\n',2026-04-06 16:46:45.700
3673.7,334,2,464,109,0,100.9,\r\n',2026-04-06 16:46:48.700
3675.1,55,2,465,101,0,107.5,\r\n',2026-04-06 16:46:50.100
3679.9,988,1,466,100,0,105.1,\r\n',2026-04-06 16:46:54.900
3685.0,334,1,467,105,0,100.1,\r\n',2026-04-06 16:47:00.000
3686.0,988,1,468,101,0,103.7,\r\n',2026-04-06 16:47:01.000
3688.9,55,2,469,100,0,112.9,\r\n',2026-04-06 16:47:03.900
3689.4,334,2,470,101,0,107.0,\r\n',2026-04-06 16:47:04.400
3691.5,988,1,471,101,0,108.5,\r\n',2026-04-06 16:47:06.500
3712.0,334,1,472,100,0,104.2,\r\n',2026-04-06 16:47:27.000
3718.4,334,2,473,201,0,34.4,\r\n',2026-04-06 16:47:33.400
3721.7,988,1,474,101,0,108.2,\r\n',2026-04-06 16:47:36.700
3730.8,55,1,475,100,0,90.5,\r\n',2026-04-06 16:47:45.800
3742.8,988,1,476,101,0,97.2,\r\n',2026-04-06 16:47:57.800
3752.4,907,1,477,100,0,101.0,\r\n',2026-04-06 16:48:07.400
3754.5,334,1,478,200,0,51.4,\r\n',2026-04-06 16:48:09.500
3758.9,988,1,479,101,0,126.0,\r\n',2026-04-06 16:48:13.900
3765.3,55,1,480,101,0,103.7,\r\n',2026-04-06 16:48:20.300
3766.5,334,2,481,105,0,119.5,\r\n',2026-04-06 16:48:21.500
3769.0,334,1,482,101,0,106.7,\r\n',2026-04-06 16:48:24.000
3769.6,988,1,483,101,0,100.0,\r\n',2026-04-06 16:48:24.600
3770.3,988,1,484,100,0,102.7,\r\n',2026-04-06 16:48:25.300
3780.2,334,1,485,108,0,105.6,\r\n',2026-04-06 16:48:35.200
3782.9,334,2,486,107,0,126.9,\r\n',2026-04-06 16:48:37.900
3800.7,334,1,487,100,0,110.7,\r\n',2026-04-06 16:48:55.700
3808.8,334,2,488,100,0,109.3,\r\n',2026-04-06 16:49:03.800
3829.5,55,1,489,101,0,117.7,\r\n',2026-04-06 16:49:24.500
3841.7,334,1,490,107,0,101.1,\r\n',2026-04-06 16:49:36.700
3844.3,334,2,491,100,0,111.1,\r\n',2026-04-06 16:49:39.300
3851.3,55,1,492,100,0,100.8,\r\n',2026-04-06 16:49:46.300
3878.3,988,1,493,101,0,109.8,\r\n',2026-04-06 16:50:13.300
3879.6,988,1,494,100,0,110.5,\r\n',2026-04-06 16:50:14.600
3880.3,988,1,495,100,0,102.9,\r\n',2026-04-06 16:50:15.300
3883.1,334,1,496,202,0,37.0,\r\n',2026-04-06 16:50:18.100
3884.5,334,2,497,107,0,99.9,\r\n',2026-04-06 16:50:19.500
3886.1,334,2,498,200,0,41.4,\r\n',2026-04-06 16:50:21.100
3888.2,907,1,499,105,0,101.6,\r\n',2026-04-06 16:50:23.200
3906.8,334,1,500,101,0,117.5,\r\n',2026-04-06 16:50:41.800
3906.8,334,2,501,100,0,119.0,\r\n',2026-04-06 16:50:41.800
3917.1,852,1,502,105,0,102.5,\r\n',2026-04-06 16:50:52.100
3928.2,55,1,503,200,0,51.5,\r\n',2026-04-06 16:51:03.200
3931.0,988,1,504,101,0,102.7,\r\n',2026-04-06 16:51:06.000
3932.0,55,2,505,105,0,127.2,\r\n',2026-04-06 16:51:07.000
3947.2,334,1,506,105,0,114.9,\r\n',2026-04-06 16:51:22.200
3952.8,988,1,507,100,0,113.5,\r\n',2026-04-06 16:51:27.800
3954.2,334,2,508,100,0,106.0,\r\n',2026-04-06 16:51:29.200
3961.3,334,1,509,200,0,46.5,\r\n',2026-04-06 16:51:36.300
3965.0,988,1,510,101,0,102.0,\r\n',2026-04-06 16:51:40.000
3970.1,334,2,511,100,0,105.1,\r\n',2026-04-06 16:51:45.100
3984.7,988,1,512,100,0,104.4,\r\n',2026-04-06 16:51:59.700
3985.6,988,1,513,100,0,107.3,\r\n',2026-04-06 16:52:00.600
3992.4,334,1,514,101,0,88.9,\r\n',2026-04-06 16:52:07.400
3992.3,334,2,515,200,0,45.0,\r\n',2026-04-06 16:52:07.300
3993.5,334,1,516,101,0,102.5,\r\n',2026-04-06 16:52:08.500
3998.8,334,1,517,101,0,107.3,\r\n',2026-04-06 16:52:13.800
4002.0,334,2,518,100,0,121.5,\r\n',2026-04-06 16:52:17.000
4023.1,334,1,519,100,0,119.5,\r\n',2026-04-06 16:52:38.100
4026.3,334,2,520,105,0,106.0,\r\n',2026-04-06 16:52:41.300
4027.3,988,1,521,105,0,100.4,\r\n',2026-04-06 16:52:42.300
4053.6,334,1,522,200,0,32.9,\r\n',2026-04-06 16:53:08.600
4054.2,55,1,523,200,0,30.3,\r\n',2026-04-06 16:53:09.200
4057.7,334,2,524,105,0,107.4,\r\n',2026-04-06 16:53:12.700
4060.7,334,2,525,101,0,109.4,\r\n',2026-04-06 16:53:15.700
4067.1,334,2,526,100,0,100.1,\r\n',2026-04-06 16:53:22.100
4075.6,334,2,527,109,0,106.1,\r\n',2026-04-06 16:53:30.600
4078.2,988,1,528,101,0,103.5,\r\n',2026-04-06 16:53:33.200
4079.9,334,1,529,200,0,41.0,\r\n',2026-04-06 16:53:34.900
4087.8,334,2,530,101,0,128.7,\r\n',2026-04-06 16:53:42.800
4088.0,334,1,531,101,0,101.2,\r\n',2026-04-06 16:53:43.000
4089.4,334,2,532,100,0,124.3,\r\n',2026-04-06 16:53:44.400
4091.4,334,1,533,101,0,94.0,\r\n',2026-04-06 16:53:46.400
4101.3,852,1,534,100,0,110.8,\r\n',2026-04-06 16:53:56.300
4104.7,334,2,535,109,0,107.9,\r\n',2026-04-06 16:53:59.700
4104.1,907,1,536,101,0,93.6,\r\n',2026-04-06 16:53:59.100
4107.0,334,1,537,108,0,103.5,\r\n',2026-04-06 16:54:02.000
4106.1,55,1,538,101,0,111.2,\r\n',2026-04-06 16:54:01.100
4109.6,988,1,539,100,0,128.6,\r\n',2026-04-06 16:54:04.600
4120.0,334,1,540,101,0,107.4,\r\n',2026-04-06 16:54:15.000
4123.9,988,1,541,100,0,126.5,\r\n',2026-04-06 16:54:18.900
4136.3,852,1,542,100,0,98.0,\r\n',2026-04-06 16:54:31.300
4138.6,660,1,543,100,0,102.8,\r\n',2026-04-06 16:54:33.600
4144.0,988,1,544,101,0,97.2,\r\n',2026-04-06 16:54:39.000
4147.3,55,1,545,105,0,108.5,\r\n',2026-04-06 16:54:42.300
4158.8,334,1,546,107,0,113.7,\r\n',2026-04-06 16:54:53.800
4159.2,334,2,547,105,0,96.9,\r\n',2026-04-06 16:54:54.200
4163.6,334,1,548,105,0,120.8,\r\n',2026-04-06 16:54:58.600
4169.0,334,2,549,200,0,47.5,\r\n',2026-04-06 16:55:04.000
4169.2,334,1,550,101,0,109.6,\r\n',2026-04-06 16:55:04.200
4176.7,334,1,551,100,0,100.6,\r\n',2026-04-06 16:55:11.700
4178.4,334,2,552,105,0,112.8,\r\n',2026-04-06 16:55:13.400
4191.9,334,1,553,105,0,107.0,\r\n',2026-04-06 16:55:26.900
4201.7,852,1,554,101,0,102.9,\r\n',2026-04-06 16:55:36.700
4204.4,334,1,555,109,0,114.2,\r\n',2026-04-06 16:55:39.400
4205.3,334,2,556,101,0,105.7,\r\n',2026-04-06 16:55:40.300
4207.0,334,1,557,108,0,103.9,\r\n',2026-04-06 16:55:42.000
4214.7,334,2,558,100,0,102.4,\r\n',2026-04-06 16:55:49.700
4215.7,334,1,559,100,0,95.1,\r\n',2026-04-06 16:55:50.700
4216.9,334,2,560,200,0,46.3,\r\n',2026-04-06 16:55:51.900
4216.2,334,1,561,200,0,52.3,\r\n',2026-04-06 16:55:51.200
4225.8,334,1,562,201,0,48.5,\r\n',2026-04-06 16:56:00.800
4228.3,334,2,563,101,0,103.3,\r\n',2026-04-06 16:56:03.300
4229.5,334,1,564,101,0,122.6,\r\n',2026-04-06 16:56:04.500
4229.8,55,1,565,200,0,52.2,\r\n',2026-04-06 16:56:04.800
4257.7,988,1,566,102,0,104.3,\r\n',2026-04-06 16:56:32.700
4260.1,334,1,567,108,0,112.1,\r\n',2026-04-06 16:56:35.100
4318.5,334,1,568,100,0,119.3,\r\n',2026-04-06 16:57:33.500
4348.2,55,1,569,100,0,109.0,\r\n',2026-04-06 16:58:03.200
4350.3,334,1,570,101,0,106.6,\r\n',2026-04-06 16:58:05.300
4361.7,334,1,571,100,0,89.1,\r\n',2026-04-06 16:58:16.700
4361.5,988,1,572,101,0,109.2,\r\n',2026-04-06 16:58:16.500
4367.1,334,2,573,101,0,107.0,\r\n',2026-04-06 16:58:22.100
4370.1,334,1,574,109,0,107.8,\r\n',2026-04-06 16:58:25.100
4371.9,334,2,575,105,0,103.0,\r\n',2026-04-06 16:58:26.900
4371.7,907,1,576,105,0,103.0,\r\n',2026-04-06 16:58:26.700
4394.8,334,1,577,108,0,102.3,\r\n',2026-04-06 16:58:49.800
4399.5,334,2,578,101,0,108.1,\r\n',2026-04-06 16:58:54.500
4399.0,334,1,579,107,0,107.7,\r\n',2026-04-06 16:58:54.000
4402.2,988,1,580,100,0,103.1,\r\n',2026-04-06 16:58:57.200
4405.3,988,1,581,100,0,96.3,\r\n',2026-04-06 16:59:00.300
4407.3,55,1,582,201,0,52.3,\r\n',2026-04-06 16:59:02.300
4412.0,334,1,583,101,0,104.6,\r\n',2026-04-06 16:59:07.000
4412.1,907,1,584,101,0,106.7,\r\n',2026-04-06 16:59:07.100
4419.3,907,1,585,101,0,109.5,\r\n',2026-04-06 16:59:14.300
4427.3,988,1,586,105,0,104.2,\r\n',2026-04-06 16:59:22.300
4448.1,334,1,587,101,0,119.4,\r\n',2026-04-06 16:59:43.100
4460.8,907,1,588,100,0,95.7,\r\n',2026-04-06 16:59:55.800
4462.9,334,1,589,200,0,45.9,\r\n',2026-04-06 16:59:57.900
4472.6,55,2,590,105,0,111.4,\r\n',2026-04-06 17:00:07.600
4485.2,334,1,591,102,0,108.7,\r\n',2026-04-06 17:00:20.200
4507.5,334,1,592,107,0,109.7,\r\n',2026-04-06 17:00:42.500
4511.4,334,2,593,107,0,119.6,\r\n',2026-04-06 17:00:46.400
4515.4,988,1,594,100,0,116.3,\r\n',2026-04-06 17:00:50.400
4520.0,334,1,595,107,0,111.2,\r\n',2026-04-06 17:00:55.000
4524.4,334,2,596,109,0,117.1,\r\n',2026-04-06 17:00:59.400
4526.8,334,1,597,202,0,51.5,\r\n',2026-04-06 17:01:01.800
4533.0,988,1,598,100,0,129.9,\r\n',2026-04-06 17:01:08.000
4535.0,988,1,599,105,0,103.7,\r\n',2026-04-06 17:01:10.000
4551.4,334,1,600,201,0,38.5,\r\n',2026-04-06 17:01:26.400
4555.7,334,2,601,101,0,104.1,\r\n',2026-04-06 17:01:30.700
4558.7,334,1,602,100,0,88.1,\r\n',2026-04-06 17:01:33.700
4563.5,988,1,603,101,0,109.1,\r\n',2026-04-06 17:01:38.500
4569.5,55,1,604,202,0,39.8,\r\n',2026-04-06 17:01:44.500
4579.7,55,2,605,200,0,37.2,\r\n',2026-04-06 17:01:54.700
4581.9,988,1,606,101,0,104.2,\r\n',2026-04-06 17:01:56.900
4588.7,334,1,607,101,0,106.8,\r\n',2026-04-06 17:02:03.700
4590.4,55,1,608,101,0,124.8,\r\n',2026-04-06 17:02:05.400
4607.2,334,1,609,107,0,101.1,\r\n',2026-04-06 17:02:22.200
4610.5,988,1,610,100,0,102.4,\r\n',2026-04-06 17:02:25.500
4619.5,334,1,611,109,0,109.3,\r\n',2026-04-06 17:02:34.500
4680.0,988,1,612,101,0,97.0,\r\n',2026-04-06 17:03:35.000
4683.4,334,1,613,101,0,103.4,\r\n',2026-04-06 17:03:38.400
4684.1,660,1,614,101,0,108.6,\r\n',2026-04-06 17:03:39.100
4694.8,55,1,615,101,0,101.8,\r\n',2026-04-06 17:03:49.800
4702.0,334,1,616,101,0,108.0,\r\n',2026-04-06 17:03:57.000
4712.3,55,2,617,108,0,118.7,\r\n',2026-04-06 17:04:07.300
4720.2,988,1,618,101,0,118.9,\r\n',2026-04-06 17:04:15.200
4727.5,334,1,619,100,0,102.7,\r\n',2026-04-06 17:04:22.500
4728.3,334,2,620,100,0,105.6,\r\n',2026-04-06 17:04:23.300
4740.1,334,1,621,107,0,108.9,\r\n',2026-04-06 17:04:35.100
4744.0,334,2,622,101,0,109.9,\r\n',2026-04-06 17:04:39.000
4745.1,334,1,623,200,0,49.1,\r\n',2026-04-06 17:04:40.100
4749.8,334,2,624,101,0,109.3,\r\n',2026-04-06 17:04:44.800
4781.6,334,1,625,108,0,102.4,\r\n',2026-04-06 17:05:16.600
4786.7,334,2,626,101,0,108.7,\r\n',2026-04-06 17:05:21.700
4795.6,852,1,627,101,0,106.7,\r\n',2026-04-06 17:05:30.600
4803.5,988,1,628,100,0,109.4,\r\n',2026-04-06 17:05:38.500
4821.5,334,1,629,107,0,109.4,\r\n',2026-04-06 17:05:56.500
4826.1,334,2,630,108,0,109.3,\r\n',2026-04-06 17:06:01.100
4827.1,334,1,631,201,0,49.9,\r\n',2026-04-06 17:06:02.100
4829.0,334,2,632,102,0,98.0,\r\n',2026-04-06 17:06:04.000
4835.2,334,2,633,101,0,102.0,\r\n',2026-04-06 17:06:10.200
4837.3,334,1,634,101,0,104.6,\r\n',2026-04-06 17:06:12.300
4859.9,852,1,635,100,0,107.0,\r\n',2026-04-06 17:06:34.900
4865.9,55,1,636,101,0,97.9,\r\n',2026-04-06 17:06:40.900
4870.5,334,1,637,109,0,106.0,\r\n',2026-04-06 17:06:45.500
4879.1,988,1,638,101,0,110.7,\r\n',2026-04-06 17:06:54.100
4880.3,55,2,639,105,0,100.7,\r\n',2026-04-06 17:06:55.300
4889.2,334,1,640,107,0,100.5,\r\n',2026-04-06 17:07:04.200
4894.7,334,2,641,107,0,112.7,\r\n',2026-04-06 17:07:09.700
4897.9,334,1,642,200,0,31.1,\r\n',2026-04-06 17:07:12.900
4898.2,334,2,643,105,0,114.3,\r\n',2026-04-06 17:07:13.200
4902.8,334,2,644,200,0,32.1,\r\n',2026-04-06 17:07:17.800
4914.1,988,1,645,100,0,122.8,\r\n',2026-04-06 17:07:29.100
4918.7,334,1,646,100,0,108.9,\r\n',2026-04-06 17:07:33.700
4930.2,334,2,647,108,0,109.5,\r\n',2026-04-06 17:07:45.200
4936.2,334,1,648,101,0,106.1,\r\n',2026-04-06 17:07:51.200
4941.4,334,2,649,108,0,108.3,\r\n',2026-04-06 17:07:56.400
4942.2,852,1,650,101,0,106.3,\r\n',2026-04-06 17:07:57.200
4945.9,334,1,651,107,0,104.1,\r\n',2026-04-06 17:08:00.900
4952.7,334,2,652,105,0,112.5,\r\n',2026-04-06 17:08:07.700
4952.3,334,1,653,100,0,122.1,\r\n',2026-04-06 17:08:07.300
4960.0,334,1,654,105,0,116.3,\r\n',2026-04-06 17:08:15.000
4961.7,334,2,655,101,0,115.3,\r\n',2026-04-06 17:08:16.700
4967.3,334,1,656,107,0,100.8,\r\n',2026-04-06 17:08:22.300
4967.3,988,1,657,100,0,100.2,\r\n',2026-04-06 17:08:22.300
4971.8,334,2,658,200,0,49.0,\r\n',2026-04-06 17:08:26.800
4971.8,55,1,659,105,0,128.2,\r\n',2026-04-06 17:08:26.800
4975.6,988,1,660,101,0,101.6,\r\n',2026-04-06 17:08:30.600
4993.2,334,1,661,101,0,111.1,\r\n',2026-04-06 17:08:48.200
5002.5,852,1,662,101,0,120.9,\r\n',2026-04-06 17:08:57.500
5007.1,334,1,663,101,0,115.6,\r\n',2026-04-06 17:09:02.100
5013.5,988,1,664,100,0,121.3,\r\n',2026-04-06 17:09:08.500
5021.8,334,1,665,108,0,119.0,\r\n',2026-04-06 17:09:16.800
5030.2,988,1,666,101,0,107.1,\r\n',2026-04-06 17:09:25.200
5033.0,334,1,667,108,0,127.7,\r\n',2026-04-06 17:09:28.000
5039.9,334,2,668,109,0,106.2,\r\n',2026-04-06 17:09:34.900
5041.3,988,1,669,100,0,117.1,\r\n',2026-04-06 17:09:36.300
5044.8,334,1,670,105,0,103.8,\r\n',2026-04-06 17:09:39.800
5053.2,334,2,671,105,0,101.7,\r\n',2026-04-06 17:09:48.200
5063.4,334,1,672,101,0,107.9,\r\n',2026-04-06 17:09:58.400
5067.9,988,1,673,101,0,101.3,\r\n',2026-04-06 17:10:02.900
5079.1,334,1,674,109,0,102.3,\r\n',2026-04-06 17:10:14.100
5085.0,55,1,675,100,0,119.9,\r\n',2026-04-06 17:10:20.000
5087.7,334,2,676,101,0,105.8,\r\n',2026-04-06 17:10:22.700
5089.7,988,1,677,105,0,102.7,\r\n',2026-04-06 17:10:24.700
5093.8,852,1,678,105,0,95.2,\r\n',2026-04-06 17:10:28.800
5094.1,334,1,679,201,0,47.5,\r\n',2026-04-06 17:10:29.100
5094.2,988,1,680,101,0,125.2,\r\n',2026-04-06 17:10:29.200
5103.0,334,2,681,109,0,90.0,\r\n',2026-04-06 17:10:38.000
5109.6,988,1,682,100,0,109.0,\r\n',2026-04-06 17:10:44.600
5119.1,334,1,683,101,0,101.3,\r\n',2026-04-06 17:10:54.100
5123.4,334,2,684,105,0,103.6,\r\n',2026-04-06 17:10:58.400
5128.3,334,1,685,101,0,105.5,\r\n',2026-04-06 17:11:03.300
5131.8,988,1,686,105,0,117.1,\r\n',2026-04-06 17:11:06.800
5136.3,334,2,687,200,0,50.0,\r\n',2026-04-06 17:11:11.300
5136.7,334,1,688,109,0,113.5,\r\n',2026-04-06 17:11:11.700
5136.4,55,1,689,101,0,127.2,\r\n',2026-04-06 17:11:11.400
5141.9,55,2,690,101,0,101.8,\r\n',2026-04-06 17:11:16.900
5143.5,334,1,691,200,0,47.1,\r\n',2026-04-06 17:11:18.500
5145.5,988,1,692,101,0,104.6,\r\n',2026-04-06 17:11:20.500
5146.8,334,2,693,200,0,54.5,\r\n',2026-04-06 17:11:21.800
5150.1,988,1,694,101,0,104.0,\r\n',2026-04-06 17:11:25.100
5153.7,907,1,695,101,0,112.5,\r\n',2026-04-06 17:11:28.700
5154.7,334,1,696,100,0,122.5,\r\n',2026-04-06 17:11:29.700
5162.1,334,2,697,107,0,106.4,\r\n',2026-04-06 17:11:37.100
5164.5,988,1,698,101,0,100.1,\r\n',2026-04-06 17:11:39.500
5177.9,55,1,699,100,0,101.1,\r\n',2026-04-06 17:11:52.900
5181.1,852,1,700,101,0,115.6,\r\n',2026-04-06 17:11:56.100
5183.4,334,1,701,101,0,100.7,\r\n',2026-04-06 17:11:58.400
5193.7,334,1,702,109,0,101.2,\r\n',2026-04-06 17:12:08.700
5196.4,55,2,703,100,0,106.5,\r\n',2026-04-06 17:12:11.400
5199.0,334,2,704,100,0,103.0,\r\n',2026-04-06 17:12:14.000
5208.9,988,1,705,101,0,123.3,\r\n',2026-04-06 17:12:23.900
5214.8,988,1,706,100,0,96.6,\r\n',2026-04-06 17:12:29.800
5221.1,334,1,707,100,0,101.3,\r\n',2026-04-06 17:12:36.100
5226.9,988,1,708,101,0,108.8,\r\n',2026-04-06 17:12:41.900
5233.7,988,1,709,100,0,101.5,\r\n',2026-04-06 17:12:48.700
5238.5,988,1,710,100,0,110.0,\r\n',2026-04-06 17:12:53.500
5239.6,334,1,711,105,0,103.2,\r\n',2026-04-06 17:12:54.600
5243.4,334,2,712,200,0,36.1,\r\n',2026-04-06 17:12:58.400
5245.9,334,1,713,100,0,120.8,\r\n',2026-04-06 17:13:00.900
5248.2,334,1,714,108,0,106.5,\r\n',2026-04-06 17:13:03.200
5250.8,334,2,715,105,0,117.4,\r\n',2026-04-06 17:13:05.800
5254.7,334,2,716,108,0,106.4,\r\n',2026-04-06 17:13:09.700
5269.1,988,1,717,101,0,109.9,\r\n',2026-04-06 17:13:24.100
5274.5,334,1,718,200,0,44.8,\r\n',2026-04-06 17:13:29.500
5277.8,988,1,719,105,0,97.6,\r\n',2026-04-06 17:13:32.800
5281.2,334,2,720,109,0,108.0,\r\n',2026-04-06 17:13:36.200
5282.7,334,1,721,101,0,107.8,\r\n',2026-04-06 17:13:37.700
5284.5,334,2,722,100,0,115.3,\r\n',2026-04-06 17:13:39.500
5288.0,334,2,723,200,0,43.5,\r\n',2026-04-06 17:13:43.000
5291.8,988,1,724,101,0,100.1,\r\n',2026-04-06 17:13:46.800
5298.4,334,1,725,101,0,108.8,\r\n',2026-04-06 17:13:53.400
5298.7,988,1,726,101,0,116.0,\r\n',2026-04-06 17:13:53.700
5316.1,334,1,727,200,0,34.5,\r\n',2026-04-06 17:14:11.100
5321.0,334,2,728,100,0,104.7,\r\n',2026-04-06 17:14:16.000
5320.9,55,1,729,200,0,39.1,\r\n',2026-04-06 17:14:15.900
5320.8,852,1,730,101,0,115.4,\r\n',2026-04-06 17:14:15.800
5327.0,334,2,731,105,0,107.2,\r\n',2026-04-06 17:14:22.000
5328.5,334,1,732,101,0,106.9,\r\n',2026-04-06 17:14:23.500
5332.9,334,2,733,109,0,100.2,\r\n',2026-04-06 17:14:27.900
5335.3,334,1,734,107,0,123.1,\r\n',2026-04-06 17:14:30.300
5341.6,988,1,735,100,0,112.8,\r\n',2026-04-06 17:14:36.600
5345.3,334,1,736,200,0,52.5,\r\n',2026-04-06 17:14:40.300
5346.0,988,1,737,105,0,106.4,\r\n',2026-04-06 17:14:41.000
5349.2,334,2,738,101,0,97.5,\r\n',2026-04-06 17:14:44.200
5349.9,334,1,739,200,0,37.1,\r\n',2026-04-06 17:14:44.900
5354.1,55,1,740,101,0,119.5,\r\n',2026-04-06 17:14:49.100
5360.5,334,2,741,107,0,103.8,\r\n',2026-04-06 17:14:55.500
5376.2,988,1,742,101,0,106.3,\r\n',2026-04-06 17:15:11.200
5380.2,334,1,743,200,0,51.0,\r\n',2026-04-06 17:15:15.200
5384.4,334,2,744,101,0,114.9,\r\n',2026-04-06 17:15:19.400
5394.2,334,2,745,200,0,42.7,\r\n',2026-04-06 17:15:29.200
5394.2,334,1,746,108,0,103.8,\r\n',2026-04-06 17:15:29.200
5401.4,334,1,747,101,0,108.6,\r\n',2026-04-06 17:15:36.400
5406.8,334,2,748,100,0,98.8,\r\n',2026-04-06 17:15:41.800
5406.2,334,1,749,100,0,96.6,\r\n',2026-04-06 17:15:41.200
5412.5,334,1,750,101,0,103.4,\r\n',2026-04-06 17:15:47.500
5417.7,334,2,751,107,0,117.3,\r\n',2026-04-06 17:15:52.700
5422.4,55,2,752,105,0,108.5,\r\n',2026-04-06 17:15:57.400
5427.8,334,1,753,100,0,101.5,\r\n',2026-04-06 17:16:02.800
5435.5,334,2,754,105,0,129.3,\r\n',2026-04-06 17:16:10.500
5437.5,334,1,755,200,0,38.5,\r\n',2026-04-06 17:16:12.500
5442.5,334,2,756,200,0,51.4,\r\n',2026-04-06 17:16:17.500
5446.6,334,1,757,101,0,107.2,\r\n',2026-04-06 17:16:21.600
5451.4,334,2,758,100,0,125.8,\r\n',2026-04-06 17:16:26.400
5455.4,988,1,759,101,0,120.2,\r\n',2026-04-06 17:16:30.400
5460.3,334,1,760,200,0,44.8,\r\n',2026-04-06 17:16:35.300
5463.3,334,2,761,101,0,103.4,\r\n',2026-04-06 17:16:38.300
5463.4,334,1,762,200,0,43.1,\r\n',2026-04-06 17:16:38.400
5467.5,334,2,763,109,0,103.3,\r\n',2026-04-06 17:16:42.500
5482.0,334,2,764,107,0,96.3,\r\n',2026-04-06 17:16:57.000
5482.9,334,1,765,104,0,101.6,\r\n',2026-04-06 17:16:57.900
5491.4,334,2,766,100,0,107.1,\r\n',2026-04-06 17:17:06.400
5494.5,988,1,767,101,0,116.6,\r\n',2026-04-06 17:17:09.500
5505.2,334,1,768,100,0,103.6,\r\n',2026-04-06 17:17:20.200
5505.7,334,2,769,200,0,51.4,\r\n',2026-04-06 17:17:20.700
5517.2,334,1,770,108,0,109.9,\r\n',2026-04-06 17:17:32.200
5528.8,55,1,771,107,0,118.6,\r\n',2026-04-06 17:17:43.800
5534.2,334,1,772,101,0,104.4,\r\n',2026-04-06 17:17:49.200
5534.7,988,1,773,101,0,99.3,\r\n',2026-04-06 17:17:49.700
5535.8,334,2,774,105,0,95.1,\r\n',2026-04-06 17:17:50.800
5537.0,988,1,775,105,0,104.1,\r\n',2026-04-06 17:17:52.000
5544.9,55,2,776,105,0,104.1,\r\n',2026-04-06 17:17:59.900
5549.9,334,1,777,108,0,107.8,\r\n',2026-04-06 17:18:04.900
5552.7,334,2,778,101,0,108.9,\r\n',2026-04-06 17:18:07.700
5553.5,334,1,779,107,0,105.6,\r\n',2026-04-06 17:18:08.500
5560.5,988,1,780,105,0,102.3,\r\n',2026-04-06 17:18:15.500
5567.7,55,1,781,101,0,100.7,\r\n',2026-04-06 17:18:22.700
5580.9,334,1,782,101,0,100.4,\r\n',2026-04-06 17:18:35.900
5585.3,334,2,783,200,0,54.9,\r\n',2026-04-06 17:18:40.300
5585.9,852,1,784,101,0,104.3,\r\n',2026-04-06 17:18:40.900
5595.3,334,1,785,200,0,49.4,\r\n',2026-04-06 17:18:50.300
5597.0,334,2,786,101,0,106.6,\r\n',2026-04-06 17:18:52.000
5604.9,334,2,787,200,0,30.9,\r\n',2026-04-06 17:18:59.900
5608.5,334,1,788,108,0,107.9,\r\n',2026-04-06 17:19:03.500
5612.9,334,1,789,200,0,39.5,\r\n',2026-04-06 17:19:07.900
5633.3,334,2,790,101,0,106.0,\r\n',2026-04-06 17:19:28.300
5635.0,988,1,791,101,0,110.2,\r\n',2026-04-06 17:19:30.000
5636.5,334,1,792,101,0,107.4,\r\n',2026-04-06 17:19:31.500
5637.9,852,1,793,100,0,102.5,\r\n',2026-04-06 17:19:32.900
5638.7,55,1,794,100,0,105.5,\r\n',2026-04-06 17:19:33.700
5640.6,334,2,795,108,0,113.0,\r\n',2026-04-06 17:19:35.600
5645.2,334,1,796,100,0,103.9,\r\n',2026-04-06 17:19:40.200
5674.0,334,1,797,101,0,115.1,\r\n',2026-04-06 17:20:09.000
5676.6,334,2,798,200,0,48.3,\r\n',2026-04-06 17:20:11.600
5677.5,334,1,799,108,0,102.3,\r\n',2026-04-06 17:20:12.500
5685.4,334,1,800,101,0,103.4,\r\n',2026-04-06 17:20:20.400
5688.7,334,2,801,103,0,110.1,\r\n',2026-04-06 17:20:23.700
5693.2,55,2,802,105,0,116.8,\r\n',2026-04-06 17:20:28.200
5696.7,988,1,803,101,0,105.2,\r\n',2026-04-06 17:20:31.700
5706.3,334,1,804,101,0,104.6,\r\n',2026-04-06 17:20:41.300
5738.6,55,1,805,200,0,45.6,\r\n',2026-04-06 17:21:13.600
5742.6,334,1,806,100,0,105.5,\r\n',2026-04-06 17:21:17.600
5748.1,334,2,807,100,0,100.9,\r\n',2026-04-06 17:21:23.100
5748.7,334,1,808,101,0,110.3,\r\n',2026-04-06 17:21:23.700
5752.6,334,1,809,101,0,98.3,\r\n',2026-04-06 17:21:27.600
5758.8,334,2,810,101,0,106.8,\r\n',2026-04-06 17:21:33.800
5766.7,988,1,811,101,0,108.1,\r\n',2026-04-06 17:21:41.700
5770.9,334,1,812,200,0,55.0,\r\n',2026-04-06 17:21:45.900
5772.8,334,2,813,108,0,105.7,\r\n',2026-04-06 17:21:47.800
5776.9,334,2,814,107,0,106.7,\r\n',2026-04-06 17:21:51.900
5776.9,334,1,815,108,0,116.4,\r\n',2026-04-06 17:21:51.900
5787.8,988,1,816,101,0,101.7,\r\n',2026-04-06 17:22:02.800
5798.8,334,1,817,101,0,108.7,\r\n',2026-04-06 17:22:13.800
5805.6,162,1,818,201,0,32.6,\r\n',2026-04-06 17:22:20.600
5815.3,334,1,819,200,0,41.1,\r\n',2026-04-06 17:22:30.300
5826.0,55,1,820,200,0,35.9,\r\n',2026-04-06 17:22:41.000
5826.0,334,2,821,200,0,45.3,\r\n',2026-04-06 17:22:41.000
5829.6,334,1,822,101,0,109.7,\r\n',2026-04-06 17:22:44.600
5834.5,334,1,823,101,0,119.2,\r\n',2026-04-06 17:22:49.500
5839.4,334,2,824,100,0,110.5,\r\n',2026-04-06 17:22:54.400
5847.0,334,2,825,100,0,116.3,\r\n',2026-04-06 17:23:02.000
5848.6,334,1,826,101,0,100.8,\r\n',2026-04-06 17:23:03.600
5850.3,852,1,827,105,0,103.4,\r\n',2026-04-06 17:23:05.300
5875.0,988,1,828,101,0,128.9,\r\n',2026-04-06 17:23:30.000
5876.6,334,1,829,107,0,97.4,\r\n',2026-04-06 17:23:31.600
5879.9,988,1,830,105,0,102.6,\r\n',2026-04-06 17:23:34.900
5888.0,55,1,831,105,0,116.5,\r\n',2026-04-06 17:23:43.000
5892.2,988,1,832,100,0,109.9,\r\n',2026-04-06 17:23:47.200
5893.7,55,2,833,105,0,114.2,\r\n',2026-04-06 17:23:48.700
5895.4,334,1,834,200,0,52.5,\r\n',2026-04-06 17:23:50.400
5902.8,334,2,835,105,0,114.6,\r\n',2026-04-06 17:23:57.800
5904.4,988,1,836,101,0,93.5,\r\n',2026-04-06 17:23:59.400
5906.5,334,1,837,100,0,118.6,\r\n',2026-04-06 17:24:01.500
5927.7,334,1,838,100,0,109.3,\r\n',2026-04-06 17:24:22.700
5928.9,988,1,839,101,0,109.1,\r\n',2026-04-06 17:24:23.900
5935.1,162,1,840,201,0,33.3,\r\n',2026-04-06 17:24:30.100
5943.7,852,1,841,103,0,107.1,\r\n',2026-04-06 17:24:38.700
5945.9,988,1,842,100,0,120.3,\r\n',2026-04-06 17:24:40.900
5946.1,334,1,843,101,0,124.2,\r\n',2026-04-06 17:24:41.100
5946.0,55,1,844,101,0,97.8,\r\n',2026-04-06 17:24:41.000
5951.3,334,2,845,200,0,31.9,\r\n',2026-04-06 17:24:46.300
5952.5,334,1,846,101,0,92.9,\r\n',2026-04-06 17:24:47.500
5957.9,988,1,847,105,0,103.0,\r\n',2026-04-06 17:24:52.900
5958.3,852,1,848,100,0,108.4,\r\n',2026-04-06 17:24:53.300
5961.1,334,1,849,200,0,54.7,\r\n',2026-04-06 17:24:56.100
5963.0,988,1,850,105,0,112.3,\r\n',2026-04-06 17:24:58.000
5966.5,334,2,851,100,0,103.7,\r\n',2026-04-06 17:25:01.500
5970.2,988,1,852,100,0,101.6,\r\n',2026-04-06 17:25:05.200
5971.1,334,1,853,107,0,114.9,\r\n',2026-04-06 17:25:06.100
5971.7,55,1,854,102,0,102.0,\r\n',2026-04-06 17:25:06.700
5982.2,334,1,855,101,0,106.5,\r\n',2026-04-06 17:25:17.200
5988.5,907,1,856,101,0,110.0,\r\n',2026-04-06 17:25:23.500
5996.6,334,1,857,201,0,33.8,\r\n',2026-04-06 17:25:31.600
6010.1,334,2,858,200,0,30.3,\r\n',2026-04-06 17:25:45.100
6014.6,988,1,859,101,0,92.3,\r\n',2026-04-06 17:25:49.600
6015.0,334,1,860,108,0,104.7,\r\n',2026-04-06 17:25:50.000
6017.0,334,2,861,108,0,117.6,\r\n',2026-04-06 17:25:52.000
6024.8,334,2,862,105,0,103.9,\r\n',2026-04-06 17:25:59.800
6027.7,334,2,863,101,0,102.4,\r\n',2026-04-06 17:26:02.700
6031.5,852,1,864,100,0,103.1,\r\n',2026-04-06 17:26:06.500
6041.0,334,1,865,101,0,111.7,\r\n',2026-04-06 17:26:16.000
6041.3,55,1,866,100,0,114.4,\r\n',2026-04-06 17:26:16.300
6060.9,988,1,867,101,0,129.1,\r\n',2026-04-06 17:26:35.900
6067.2,334,1,868,200,0,48.3,\r\n',2026-04-06 17:26:42.200
6082.2,334,2,869,101,0,116.7,\r\n',2026-04-06 17:26:57.200
6086.4,334,1,870,101,0,118.2,\r\n',2026-04-06 17:27:01.400
6092.9,334,2,871,100,0,107.8,\r\n',2026-04-06 17:27:07.900
6094.8,334,1,872,101,0,117.4,\r\n',2026-04-06 17:27:09.800
6098.2,334,2,873,200,0,51.9,\r\n',2026-04-06 17:27:13.200
6105.5,334,1,874,108,0,107.7,\r\n',2026-04-06 17:27:20.500
6106.4,334,2,875,108,0,103.6,\r\n',2026-04-06 17:27:21.400
6124.2,334,1,876,107,0,108.5,\r\n',2026-04-06 17:27:39.200
6125.2,334,2,877,100,0,119.4,\r\n',2026-04-06 17:27:40.200
6128.1,334,1,878,108,0,103.5,\r\n',2026-04-06 17:27:43.100
6132.1,334,2,879,101,0,97.8,\r\n',2026-04-06 17:27:47.100
6132.5,334,1,880,107,0,118.0,\r\n',2026-04-06 17:27:47.500
6139.2,55,1,881,200,0,33.7,\r\n',2026-04-06 17:27:54.200
6139.3,988,1,882,100,0,105.1,\r\n',2026-04-06 17:27:54.300
6143.5,334,1,883,101,0,104.8,\r\n',2026-04-06 17:27:58.500
6154.8,334,1,884,200,0,35.1,\r\n',2026-04-06 17:28:09.800
6154.9,988,1,885,105,0,107.8,\r\n',2026-04-06 17:28:09.900
6159.1,334,2,886,101,0,109.3,\r\n',2026-04-06 17:28:14.100
6161.9,334,1,887,108,0,103.3,\r\n',2026-04-06 17:28:16.900
6176.4,334,2,888,101,0,126.6,\r\n',2026-04-06 17:28:31.400
6184.7,988,1,889,105,0,101.1,\r\n',2026-04-06 17:28:39.700
6185.9,334,1,890,202,0,50.2,\r\n',2026-04-06 17:28:40.900
6193.2,988,1,891,105,0,108.9,\r\n',2026-04-06 17:28:48.200
6201.7,988,1,892,101,0,103.2,\r\n',2026-04-06 17:28:56.700
6209.1,334,1,893,100,0,114.8,\r\n',2026-04-06 17:29:04.100
6210.0,852,1,894,101,0,109.9,\r\n',2026-04-06 17:29:05.000
6222.8,334,1,895,109,0,127.9,\r\n',2026-04-06 17:29:17.800
6225.5,334,2,896,109,0,127.1,\r\n',2026-04-06 17:29:20.500
6229.6,162,1,897,201,0,30.7,\r\n',2026-04-06 17:29:24.600
6234.9,988,1,898,101,0,105.8,\r\n',2026-04-06 17:29:29.900
6237.8,334,1,899,108,0,107.2,\r\n',2026-04-06 17:29:32.800
6255.6,334,1,900,105,0,120.7,\r\n',2026-04-06 17:29:50.600
6255.6,988,1,901,105,0,104.8,\r\n',2026-04-06 17:29:50.600
6257.0,988,1,902,101,0,128.9,\r\n',2026-04-06 17:29:52.000
6268.1,55,1,903,101,0,108.0,\r\n',2026-04-06 17:30:03.100
6271.5,334,1,904,200,0,40.8,\r\n',2026-04-06 17:30:06.500
6272.4,334,2,905,108,0,103.5,\r\n',2026-04-06 17:30:07.400
6278.9,334,2,906,108,0,105.0,\r\n',2026-04-06 17:30:13.900
6278.5,334,1,907,109,0,105.1,\r\n',2026-04-06 17:30:13.500
6279.8,334,2,908,107,0,106.2,\r\n',2026-04-06 17:30:14.800
6282.2,852,1,909,105,0,118.0,\r\n',2026-04-06 17:30:17.200
6283.5,334,2,910,103,0,104.0,\r\n',2026-04-06 17:30:18.500
6289.3,334,1,911,101,0,108.0,\r\n',2026-04-06 17:30:24.300
6290.9,334,2,912,200,0,43.1,\r\n',2026-04-06 17:30:25.900
6308.4,334,1,913,200,0,54.9,\r\n',2026-04-06 17:30:43.400
6309.9,334,2,914,101,0,103.8,\r\n',2026-04-06 17:30:44.900
6317.0,334,2,915,100,0,122.6,\r\n',2026-04-06 17:30:52.000
6325.9,334,1,916,100,0,107.5,\r\n',2026-04-06 17:31:00.900
6333.4,907,1,917,105,0,114.3,\r\n',2026-04-06 17:31:08.400
6343.0,334,1,918,101,0,113.2,\r\n',2026-04-06 17:31:18.000
6346.3,334,2,919,101,0,108.9,\r\n',2026-04-06 17:31:21.300
6354.9,852,1,920,100,0,109.7,\r\n',2026-04-06 17:31:29.900
6363.8,988,1,921,101,0,107.9,\r\n',2026-04-06 17:31:38.800
6365.9,334,1,922,108,0,127.5,\r\n',2026-04-06 17:31:40.900
6376.2,334,1,923,100,0,119.9,\r\n',2026-04-06 17:31:51.200
6381.0,852,1,924,101,0,102.8,\r\n',2026-04-06 17:31:56.000
6383.1,334,2,925,101,0,101.1,\r\n',2026-04-06 17:31:58.100
6396.6,55,1,926,101,0,110.3,\r\n',2026-04-06 17:32:11.600
6404.3,334,1,927,200,0,54.5,\r\n',2026-04-06 17:32:19.300
6405.4,334,2,928,108,0,111.9,\r\n',2026-04-06 17:32:20.400
6410.0,988,1,929,105,0,97.6,\r\n',2026-04-06 17:32:25.000
6411.2,334,2,930,101,0,95.3,\r\n',2026-04-06 17:32:26.200
6417.3,988,1,931,100,0,104.8,\r\n',2026-04-06 17:32:32.300
6422.3,334,1,932,108,0,91.1,\r\n',2026-04-06 17:32:37.300
6425.4,55,1,933,201,0,53.5,\r\n',2026-04-06 17:32:40.400
6434.6,334,1,934,109,0,127.4,\r\n',2026-04-06 17:32:49.600
6438.1,334,2,935,200,0,40.7,\r\n',2026-04-06 17:32:53.100
6445.3,334,1,936,101,0,119.6,\r\n',2026-04-06 17:33:00.300
6488.1,55,1,937,101,0,107.9,\r\n',2026-04-06 17:33:43.100
6488.0,55,2,938,202,0,45.0,\r\n',2026-04-06 17:33:43.000
6489.5,334,1,939,200,0,49.8,\r\n',2026-04-06 17:33:44.500
6492.8,334,2,940,108,0,106.5,\r\n',2026-04-06 17:33:47.800
6501.5,55,1,941,105,0,109.0,\r\n',2026-04-06 17:33:56.500
6503.1,334,2,942,109,0,120.6,\r\n',2026-04-06 17:33:58.100
6510.4,334,1,943,200,0,49.1,\r\n',2026-04-06 17:34:05.400
6524.2,334,2,944,101,0,92.3,\r\n',2026-04-06 17:34:19.200
6534.9,55,1,945,100,0,102.8,\r\n',2026-04-06 17:34:29.900
6540.7,988,1,946,101,0,103.8,\r\n',2026-04-06 17:34:35.700
6547.6,988,1,947,100,0,103.4,\r\n',2026-04-06 17:34:42.600
6550.8,334,1,948,108,0,103.2,\r\n',2026-04-06 17:34:45.800
6554.6,334,2,949,101,0,104.4,\r\n',2026-04-06 17:34:49.600
6559.0,334,1,950,105,0,96.6,\r\n',2026-04-06 17:34:54.000
6561.9,988,1,951,101,0,109.9,\r\n',2026-04-06 17:34:56.900
6563.6,55,1,952,100,0,108.2,\r\n',2026-04-06 17:34:58.600
6570.9,334,1,953,200,0,34.7,\r\n',2026-04-06 17:35:05.900
6572.3,988,1,954,105,0,92.5,\r\n',2026-04-06 17:35:07.300
6576.5,334,2,955,101,0,110.7,\r\n',2026-04-06 17:35:11.500
6580.9,334,2,956,101,0,117.6,\r\n',2026-04-06 17:35:15.900
6588.9,55,1,957,104,0,101.0,\r\n',2026-04-06 17:35:23.900
6589.4,988,1,958,101,0,97.9,\r\n',2026-04-06 17:35:24.400
6591.9,334,2,959,108,0,100.8,\r\n',2026-04-06 17:35:26.900
6592.9,334,1,960,200,0,32.7,\r\n',2026-04-06 17:35:27.900
6601.8,334,2,961,104,0,117.7,\r\n',2026-04-06 17:35:36.800
6603.1,334,1,962,108,0,113.9,\r\n',2026-04-06 17:35:38.100
6603.7,852,1,963,105,0,101.3,\r\n',2026-04-06 17:35:38.700
6607.4,334,1,964,108,0,102.8,\r\n',2026-04-06 17:35:42.400
6610.6,334,1,965,109,0,101.0,\r\n',2026-04-06 17:35:45.600
6614.6,334,1,966,105,0,109.7,\r\n',2026-04-06 17:35:49.600
6620.3,334,1,967,200,0,44.0,\r\n',2026-04-06 17:35:55.300
6626.1,334,2,968,202,0,50.4,\r\n',2026-04-06 17:36:01.100
6633.3,334,1,969,100,0,100.6,\r\n',2026-04-06 17:36:08.300
6635.9,334,2,970,109,0,117.2,\r\n',2026-04-06 17:36:10.900
6643.8,334,1,971,100,0,106.8,\r\n',2026-04-06 17:36:18.800
6648.9,334,2,972,100,0,118.1,\r\n',2026-04-06 17:36:23.900
6651.5,660,1,973,100,0,104.4,\r\n',2026-04-06 17:36:26.500
6659.6,334,1,974,200,0,41.5,\r\n',2026-04-06 17:36:34.600
6660.8,334,2,975,108,0,106.6,\r\n',2026-04-06 17:36:35.800
6664.5,55,1,976,105,0,124.9,\r\n',2026-04-06 17:36:39.500
6672.0,334,2,977,100,0,116.0,\r\n',2026-04-06 17:36:47.000
6672.9,334,1,978,108,0,107.5,\r\n',2026-04-06 17:36:47.900
6691.5,334,1,979,200,0,51.7,\r\n',2026-04-06 17:37:06.500
6695.4,988,1,980,105,0,104.7,\r\n',2026-04-06 17:37:10.400
6698.2,334,2,981,108,0,106.8,\r\n',2026-04-06 17:37:13.200
6700.7,852,1,982,105,0,115.3,\r\n',2026-04-06 17:37:15.700
6704.7,334,1,983,100,0,127.4,\r\n',2026-04-06 17:37:19.700
6704.6,852,1,984,100,0,105.3,\r\n',2026-04-06 17:37:19.600
6720.7,907,1,985,102,0,110.8,\r\n',2026-04-06 17:37:35.700
6722.9,55,1,986,100,0,108.9,\r\n',2026-04-06 17:37:37.900
6729.5,334,1,987,108,0,100.9,\r\n',2026-04-06 17:37:44.500
6746.2,334,1,988,108,0,118.0,\r\n',2026-04-06 17:38:01.200
6752.6,334,2,989,108,0,102.2,\r\n',2026-04-06 17:38:07.600
6752.6,660,1,990,101,0,104.3,\r\n',2026-04-06 17:38:07.600
6757.1,988,1,991,101,0,101.7,\r\n',2026-04-06 17:38:12.100
6764.2,334,1,992,107,0,101.0,\r\n',2026-04-06 17:38:19.200
6765.9,334,2,993,201,0,51.6,\r\n',2026-04-06 17:38:20.900
6766.4,334,1,994,101,0,104.8,\r\n',2026-04-06 17:38:21.400
6767.7,988,1,995,101,0,100.8,\r\n',2026-04-06 17:38:22.700
6769.2,334,1,996,108,0,109.2,\r\n',2026-04-06 17:38:24.200
6778.2,334,1,997,200,0,45.7,\r\n',2026-04-06 17:38:33.200
6787.7,334,2,998,100,0,92.0,\r\n',2026-04-06 17:38:42.700
6799.4,334,2,999,101,0,98.1,\r\n',2026-04-06 17:38:54.400
6799.1,55,1,1000,101,0,102.4,\r\n',2026-04-06 17:38:54.100
6804.2,334,1,1001,101,0,127.1,\r\n',2026-04-06 17:38:59.200
6811.8,334,2,1002,101,0,107.8,\r\n',2026-04-06 17:39:06.800
6813.6,334,1,1003,200,0,53.6,\r\n',2026-04-06 17:39:08.600
6821.4,334,2,1004,200,0,31.9,\r\n',2026-04-06 17:39:16.400
6825.4,334,1,1005,200,0,38.1,\r\n',2026-04-06 17:39:20.400
6833.7,334,2,1006,200,0,32.6,\r\n',2026-04-06 17:39:28.700
6836.7,907,1,1007,101,0,106.7,\r\n',2026-04-06 17:39:31.700
6846.3,334,1,1008,107,0,117.6,\r\n',2026-04-06 17:39:41.300
6847.3,988,1,1009,105,0,105.6,\r\n',2026-04-06 17:39:42.300
6853.8,55,2,1010,105,0,109.7,\r\n',2026-04-06 17:39:48.800
6868.0,334,1,1011,108,0,106.8,\r\n',2026-04-06 17:40:03.000
6869.8,334,2,1012,200,0,49.4,\r\n',2026-04-06 17:40:04.800
6869.4,334,1,1013,108,0,103.5,\r\n',2026-04-06 17:40:04.400
6869.8,907,1,1014,100,0,104.3,\r\n',2026-04-06 17:40:04.800
6870.4,852,1,1015,100,0,109.7,\r\n',2026-04-06 17:40:05.400
6872.8,334,1,1016,200,0,48.8,\r\n',2026-04-06 17:40:07.800
6873.7,334,2,1017,101,0,111.2,\r\n',2026-04-06 17:40:08.700
6885.7,988,1,1018,101,0,102.7,\r\n',2026-04-06 17:40:20.700
6889.8,334,2,1019,101,0,120.4,\r\n',2026-04-06 17:40:24.800
6890.4,334,1,1020,100,0,122.2,\r\n',2026-04-06 17:40:25.400
6892.2,334,2,1021,105,0,103.0,\r\n',2026-04-06 17:40:27.200
6905.9,334,1,1022,105,0,107.4,\r\n',2026-04-06 17:40:40.900
6908.6,988,1,1023,100,0,104.7,\r\n',2026-04-06 17:40:43.600
6917.5,55,1,1024,100,0,108.0,\r\n',2026-04-06 17:40:52.500
6917.5,988,1,1025,101,0,100.6,\r\n',2026-04-06 17:40:52.500
6919.5,55,2,1026,100,0,120.8,\r\n',2026-04-06 17:40:54.500
6920.5,55,1,1027,100,0,105.9,\r\n',2026-04-06 17:40:55.500
6943.1,334,1,1028,200,0,37.0,\r\n',2026-04-06 17:41:18.100
6961.7,988,1,1029,101,0,100.5,\r\n',2026-04-06 17:41:36.700
6966.4,334,2,1030,100,0,106.2,\r\n',2026-04-06 17:41:41.400
6988.3,334,1,1031,200,0,42.0,\r\n',2026-04-06 17:42:03.300
6993.3,334,2,1032,200,0,49.8,\r\n',2026-04-06 17:42:08.300
6996.4,334,1,1033,101,0,103.0,\r\n',2026-04-06 17:42:11.400
6996.6,334,2,1034,200,0,49.1,\r\n',2026-04-06 17:42:11.600
7002.1,334,1,1035,109,0,102.3,\r\n',2026-04-06 17:42:17.100
7003.5,988,1,1036,101,0,106.6,\r\n',2026-04-06 17:42:18.500
7004.9,334,2,1037,105,0,109.1,\r\n',2026-04-06 17:42:19.900
7009.0,334,1,1038,200,0,46.9,\r\n',2026-04-06 17:42:24.000
7011.8,988,1,1039,101,0,128.1,\r\n',2026-04-06 17:42:26.800
7015.0,334,2,1040,108,0,105.0,\r\n',2026-04-06 17:42:30.000
7016.9,334,1,1041,200,0,41.7,\r\n',2026-04-06 17:42:31.900
7020.8,334,2,1042,101,0,105.8,\r\n',2026-04-06 17:42:35.800
7025.8,55,1,1043,200,0,43.7,\r\n',2026-04-06 17:42:40.800
7034.8,334,2,1044,108,0,103.2,\r\n',2026-04-06 17:42:49.800
7048.2,334,1,1045,101,0,102.5,\r\n',2026-04-06 17:43:03.200
7053.0,334,2,1046,107,0,102.6,\r\n',2026-04-06 17:43:08.000
7053.7,988,1,1047,101,0,118.1,\r\n',2026-04-06 17:43:08.700
7054.3,988,1,1048,100,0,103.7,\r\n',2026-04-06 17:43:09.300
7060.1,334,1,1049,100,0,108.7,\r\n',2026-04-06 17:43:15.100
7085.3,988,1,1050,106,0,112.5,\r\n',2026-04-06 17:43:40.300
7090.3,988,1,1051,104,0,104.0,\r\n',2026-04-06 17:43:45.300
7122.2,55,1,1052,101,0,102.6,\r\n',2026-04-06 17:44:17.200
7126.5,334,1,1053,100,0,106.8,\r\n',2026-04-06 17:44:21.500
7141.5,334,1,1054,200,0,38.8,\r\n',2026-04-06 17:44:36.500
7144.7,334,2,1055,201,0,32.8,\r\n',2026-04-06 17:44:39.700
7147.4,852,1,1056,100,0,97.5,\r\n',2026-04-06 17:44:42.400
7150.3,334,1,1057,107,0,105.5,\r\n',2026-04-06 17:44:45.300
7162.7,334,1,1058,200,0,50.0,\r\n',2026-04-06 17:44:57.700
7163.9,334,2,1059,200,0,53.3,\r\n',2026-04-06 17:44:58.900
7169.8,334,1,1060,200,0,51.3,\r\n',2026-04-06 17:45:04.800
7171.2,334,2,1061,200,0,39.3,\r\n',2026-04-06 17:45:06.200
7176.9,334,1,1062,202,0,31.0,\r\n',2026-04-06 17:45:11.900
7178.0,334,2,1063,100,0,108.1,\r\n',2026-04-06 17:45:13.000
7182.4,55,1,1064,109,0,101.2,\r\n',2026-04-06 17:45:17.400
7191.4,334,2,1065,100,0,115.9,\r\n',2026-04-06 17:45:26.400
7194.1,988,1,1066,101,0,108.1,\r\n',2026-04-06 17:45:29.100
